{
    "replace": false,
    "values": [
     
      {"id": "minecraft:obsidian","required": false},
      {"id": "minecraft:bedrock","required": false},
      {"id": "minecraft:end_gateway","required": false},
      {"id": "minecraft:end_portal","required": false},
      {"id": "minecraft:end_portal_frame","required": false},
      {"id": "minecraft:nether_portal","required": false},
      {"id": "minecraft:command_block","required": false},
      {"id": "minecraft:chain_command_block","required": false},
      {"id": "minecraft:repeating_command_block","required": false}
  
      
  
  
  
    
  
  
      
    ]
  }
  