{
  "replace": false,
  "values": [
   
    {"id": "minecraft:terracotta","required": false},
    {"id": "minecraft:red_terracotta","required": false},
    {"id": "minecraft:orange_terracotta","required": false},
    {"id": "minecraft:yellow_terracotta","required": false},
    {"id": "minecraft:lime_terracotta","required": false},
    {"id": "minecraft:green_terracotta","required": false},
    {"id": "minecraft:cyan_terracotta","required": false},
    {"id": "minecraft:blue_terracotta","required": false},
    {"id": "minecraft:light_blue_terracotta","required": false},
    {"id": "minecraft:purple_terracotta","required": false},
    {"id": "minecraft:magenta_terracotta","required": false},
    {"id": "minecraft:pink_terracotta","required": false},
    {"id": "minecraft:brown_terracotta","required": false},
    {"id": "minecraft:white_terracotta","required": false},
    {"id": "minecraft:light_gray_terracotta","required": false},
    {"id": "minecraft:gray_terracotta","required": false},
    {"id": "minecraft:black_terracotta","required": false}

    
  ]
}
