{
  "processors": [
    {
      "processor_type": "minecraft:rule",
      "rules": [
        {
          "location_predicate": {
            "predicate_type": "minecraft:always_true"
          },
          "input_predicate": {
            "predicate_type": "minecraft:random_block_match",
            "block": "minecraft:magenta_concrete",
            "probability": 0.1
          },
          "output_state": {
            "Name": "minecraft:suspicious_sand"
          },
          "block_entity_modifier": {
            "type": "minecraft:append_loot",
            "loot_table": "scorched:archaeology/desert_pyramid"
          }
        },
        {
          "location_predicate": {
            "predicate_type": "minecraft:always_true"
          },
          "input_predicate": {
            "predicate_type": "minecraft:block_match",
            "block": "minecraft:magenta_concrete"
          },
          "output_state": {
            "Name": "minecraft:sand"
          }
        }
      ]
    }
  ]
}
