{
  "processors": [
    {
      "processor_type": "minecraft:rule",
      "rules": [
        {
          "location_predicate": {
            "predicate_type": "minecraft:tag_match",
            "tag": "scorched:air"
          },
          "input_predicate": {
            "predicate_type": "minecraft:block_match",
            "block": "minecraft:pink_stained_glass"
          },
          "output_state": {
            "Name": "minecraft:air"
          }
        },
        {
          "location_predicate": {
            "predicate_type": "minecraft:always_true"
          },
          "input_predicate": {
            "predicate_type": "minecraft:block_match",
            "block": "minecraft:pink_stained_glass"
          },
          "output_state": {
            "Name": "minecraft:stone"
          }
        },
        {
          "location_predicate": {
            "predicate_type": "minecraft:block_match",
            "block": "minecraft:light_gray_terracotta"
          },
          "input_predicate": {
            "predicate_type": "minecraft:block_match",
            "block": "minecraft:orange_stained_glass"
          },
          "output_state": {
            "Name": "minecraft:light_gray_terracotta"
          }
        },
        {
          "location_predicate": {
            "predicate_type": "minecraft:block_match",
            "block": "minecraft:white_terracotta"
          },
          "input_predicate": {
            "predicate_type": "minecraft:block_match",
            "block": "minecraft:orange_stained_glass"
          },
          "output_state": {
            "Name": "minecraft:white_terracotta"
          }
        },
        {
          "location_predicate": {
            "predicate_type": "minecraft:block_match",
            "block": "minecraft:brown_terracotta"
          },
          "input_predicate": {
            "predicate_type": "minecraft:block_match",
            "block": "minecraft:orange_stained_glass"
          },
          "output_state": {
            "Name": "minecraft:brown_terracotta"
          }
        },
        {
          "location_predicate": {
            "predicate_type": "minecraft:block_match",
            "block": "minecraft:terracotta"
          },
          "input_predicate": {
            "predicate_type": "minecraft:block_match",
            "block": "minecraft:orange_stained_glass"
          },
          "output_state": {
            "Name": "minecraft:terracotta"
          }
        },
        {
          "location_predicate": {
            "predicate_type": "minecraft:block_match",
            "block": "minecraft:terracotta"
          },
          "input_predicate": {
            "predicate_type": "minecraft:block_match",
            "block": "minecraft:orange_stained_glass"
          },
          "output_state": {
            "Name": "minecraft:terracotta"
          }
        },
        {
          "location_predicate": {
            "predicate_type": "minecraft:block_match",
            "block": "minecraft:red_terracotta"
          },
          "input_predicate": {
            "predicate_type": "minecraft:block_match",
            "block": "minecraft:orange_stained_glass"
          },
          "output_state": {
            "Name": "minecraft:red_terracotta"
          }
        },
        {
          "location_predicate": {
            "predicate_type": "minecraft:block_match",
            "block": "minecraft:orange_terracotta"
          },
          "input_predicate": {
            "predicate_type": "minecraft:block_match",
            "block": "minecraft:orange_stained_glass"
          },
          "output_state": {
            "Name": "minecraft:orange_terracotta"
          }
        },
        {
          "location_predicate": {
            "predicate_type": "minecraft:block_match",
            "block": "minecraft:red_sand"
          },
          "input_predicate": {
            "predicate_type": "minecraft:block_match",
            "block": "minecraft:orange_stained_glass"
          },
          "output_state": {
            "Name": "minecraft:red_sand"
          }
        },


















        {
          "location_predicate": {
            "predicate_type": "minecraft:always_true"
          },
          "input_predicate": {
            "predicate_type": "minecraft:block_match",
            "block": "minecraft:orange_stained_glass"
          },
          "output_state": {
            "Name": "minecraft:sandstone"
          }
        }
      ]
    }
  ]
}
