{
  "type": "minecraft:tree",
  "config": {
    "ignore_vines": true,
    "force_dirt": false,
    "minimum_size": {
      "type": "minecraft:two_layers_feature_size",
      "min_clipped_height": 4,
      "limit": 0,
      "lower_size": 0,
      "upper_size": 0
    },
    "dirt_provider": {
      "type": "minecraft:simple_state_provider",
      "state": {
        "Name": "minecraft:dirt"
      }
    },
    "trunk_provider": {
      "type": "minecraft:simple_state_provider",
      "state": {
        "Name": "minecraft:oak_log",
        "Properties": {
          "axis": "y"
        }
      }
    },
    "foliage_provider": {
      "type": "minecraft:simple_state_provider",
      "state": {
        "Name": "minecraft:oak_leaves",
        "Properties": {
          "persistent": "false",
          "distance": "7"
        }
      }
    },
    "trunk_placer": {
      "type": "minecraft:fancy_trunk_placer",
      "base_height": 10,
      "height_rand_a": 5,
      "height_rand_b": 10
    },
    "foliage_placer": {
      "type": "minecraft:fancy_foliage_placer",
      "radius": 3,
      "offset": 2,
      "height": 2
    },
    "decorators": [
      {
        "type": "minecraft:trunk_vine"
      }
    ]
  }
}
