{
  "criteria": {
    "requirement": {
      "trigger": "minecraft:placed_block",
      "conditions": {
        "player": {
          "flags": {
            "is_sneaking": false
          }
        },
        "location": [
          {
            "condition": "minecraft:location_check",
            "predicate": {
              "biome": "terralith:birch_taiga",
              "block": {
                "blocks": [
                  "minecraft:oak_sapling"
                ]
              }
            }
          }
        ]
      }
    }
  },
  "rewards": {
    "function": "biome_saplings:find/birch_taiga_oak"
  }
}
