{
    "type": "minecraft:jigsaw",
    "biomes": "#scorched:has_structure/badlands_pyramid",
    "step": "surface_structures",
    "spawn_overrides": {},
    "terrain_adaptation": "none",
    "start_pool": "scorched:temple/main",
    "size": 7,
    "start_height": {
      "type": "minecraft:uniform",
      "min_inclusive": {
        "absolute": -7
      },
      "max_inclusive": {
        "absolute": 0
      }
    },
    "project_start_to_heightmap": "WORLD_SURFACE_WG",
    "max_distance_from_center": 80,
    "use_expansion_hack": false
  }
  