{
  "feature": "jermsy:birch_forest_flowers",
  "placement": [
    {
      "chance": 7,
      "type": "minecraft:rarity_filter"
    },
    {
      "type": "minecraft:in_square"
    },
    {
      "heightmap": "MOTION_BLOCKING",
      "type": "minecraft:heightmap"
    },
    {
      "count": {
        "type": "minecraft:clamped",
        "value": {
          "source": {
            "type": "minecraft:uniform",
            "value": {
              "min_inclusive": -3,
              "max_inclusive": 1
            }
          },
          "min_inclusive": 0,
          "max_inclusive": 1
        }
      },
      "type": "minecraft:count"
    },
    {
      "type": "minecraft:biome"
    }
  ]
}