{
  "feature": {
    "type": "minecraft:geode",
    "config": {
      "blocks": {
        "filling_provider": {
          "type": "minecraft:weighted_state_provider",
          "entries": [
            {
              "weight": 1,
              "data": {
                "Name": "minecraft:copper_ore"
              }
            },
            {
              "weight": 1,
              "data": {
                "Name": "minecraft:coal_ore"
              }
            },
            {
              "weight": 2,
              "data": {
                "Name": "minecraft:tuff"
              }
            }
          ]
        },
        "inner_layer_provider": {
          "type": "minecraft:noise_provider",
          "seed": 0,
          "noise": {
            "firstOctave": -5,
            "amplitudes": [
              1,
              1,
              1.25
            ]
          },
          "scale": 1,
          "states": [
            {
              "Name": "minecraft:stone"
            }
          ]
        },
        "alternate_inner_layer_provider": {
          "type": "minecraft:simple_state_provider",
          "state": {
            "Name": "minecraft:stone"
          }
        },
        "middle_layer_provider": {
          "type": "minecraft:noise_provider",
          "seed": 0,
          "noise": {
            "firstOctave": -5,
            "amplitudes": [
              1,
              1,
              1.25
            ]
          },
          "scale": 1,
          "states": [
            {
              "Name": "minecraft:stone"
            }
          ]
        },
        "outer_layer_provider": {
          "type": "minecraft:noise_provider",
          "seed": 0,
          "noise": {
            "firstOctave": -5,
            "amplitudes": [
              1,
              1,
              1.25
            ]
          },
          "scale": 1,
          "states": [
            {
              "Name": "minecraft:stone"
            }
          ]
        },
        "inner_placements": [
          {
            "Name": "minecraft:stone"
          }
        ],
      "cannot_replace": "#minecraft:rock_cannot_replace",
      "invalid_blocks": "#jermsy:rock_invalid_blocks"
      },
      "layers": {
        "filling": 1,
        "inner_layer": 1,
        "middle_layer": 1,
        "outer_layer": 1
      },
      "crack": {
        "generate_crack_chance": 0.075,
        "base_crack_size": 0.5,
        "crack_point_offset": 2
      },
      "noise_multiplier": 0.07,
      "use_potential_placements_chance": 0,
      "use_alternate_layer0_chance": 0,
      "outer_wall_distance": {
        "type": "minecraft:uniform",
        "value": {
          "min_inclusive": 2,
          "max_inclusive": 4
        }
      },
      "distribution_points": {
        "type": "minecraft:biased_to_bottom",
        "value": {
          "min_inclusive": 2,
          "max_inclusive": 3
        }
      },
      "point_offset": {
        "type": "minecraft:uniform",
        "value": {
          "min_inclusive": 1,
          "max_inclusive": 2
        }
      },
      "min_gen_offset": -12,
      "max_gen_offset": 12,
      "invalid_blocks_threshold": 0
    }
  },
  "placement": [
    {
      "type": "minecraft:rarity_filter",
      "chance": 2
    },
    {
      "type": "minecraft:in_square"
    },
    {
      "type": "minecraft:heightmap",
      "heightmap": "WORLD_SURFACE_WG"
    },
    {
      "type": "minecraft:environment_scan",
      "direction_of_search": "down",
      "max_steps": 6,
      "target_condition": {
        "type": "minecraft:all_of",
        "predicates": [
          {
            "type": "minecraft:matching_blocks",
            "offset": [
              0,
              3,
              0
            ],
            "blocks": [
              "minecraft:grass_block"
            ]
          },
          {
            "type": "minecraft:matching_blocks",
            "offset": [
              0,
              2,
              0
            ],
            "blocks": [
              "minecraft:dirt"
            ]
          },
          {
            "type": "minecraft:matching_blocks",
            "offset": [
              0,
              1,
              0
            ],
            "blocks": [
              "minecraft:dirt"
            ]
          }
        ]
      },
      "allowed_search_condition": {
        "type": "minecraft:true"
      }
    },
    {
      "type": "minecraft:biome"
    }
  ]
}
