{
	"feature": "jermsy:savanna_surface",
	"placement": [
		{
			"type": "minecraft:count",
			"count": 20
		},
		{
			"type": "minecraft:count",
			"count": 10
		},
		{
			"type": "minecraft:in_square"
		},
		{
			"type": "heightmap",
			"heightmap": "WORLD_SURFACE_WG"
		},
		{
			"type": "minecraft:block_predicate_filter",
			"predicate": {
				"type": "minecraft:all_of",
				"predicates": [
					{
						"type": "minecraft:matching_blocks",
						"offset": [
							0,
							0,
							0
						],
						"blocks": [
							"minecraft:air",
							"minecraft:grass",
							"minecraft:tall_grass"
						]
					},
					{
						"type": "minecraft:matching_blocks",
						"offset": [
							1,
							0,
							0
						],
						"blocks": [
							"minecraft:air",
							"minecraft:grass",
							"minecraft:tall_grass"
						]
					},
					{
						"type": "minecraft:matching_blocks",
						"offset": [
							0,
							0,
							1
						],
						"blocks": [
							"minecraft:air",
							"minecraft:grass",
							"minecraft:tall_grass"
						]
					},
					{
						"type": "minecraft:matching_blocks",
						"offset": [
							-1,
							0,
							0
						],
						"blocks": [
							"minecraft:air",
							"minecraft:grass",
							"minecraft:tall_grass"
						]
					},
					{
						"type": "minecraft:matching_blocks",
						"offset": [
							0,
							0,
							-1
						],
						"blocks": [
							"minecraft:air",
							"minecraft:grass",
							"minecraft:tall_grass"
						]
					},
					{
						"type": "minecraft:matching_blocks",
						"offset": [
							2,
							0,
							0
						],
						"blocks": [
							"minecraft:air",
							"minecraft:grass",
							"minecraft:tall_grass"
						]
					},
					{
						"type": "minecraft:matching_blocks",
						"offset": [
							0,
							0,
							2
						],
						"blocks": [
							"minecraft:air",
							"minecraft:grass",
							"minecraft:tall_grass"
						]
					},
					{
						"type": "minecraft:matching_blocks",
						"offset": [
							-2,
							0,
							0
						],
						"blocks": [
							"minecraft:air",
							"minecraft:grass",
							"minecraft:tall_grass"
						]
					},
					{
						"type": "minecraft:matching_blocks",
						"offset": [
							0,
							0,
							-2
						],
						"blocks": [
							"minecraft:air",
							"minecraft:grass",
							"minecraft:tall_grass"
						]
					}
				]
			}
		},
		{
			"type": "minecraft:biome"
		}
	]
}
