{
	"feature": "jermsy:spruce_fallen",
	"placement": [
		{
			"type": "count",
			"count": 1
		},
		{
			"type": "rarity_filter",
			"chance": 11
		},
		{
			"type": "minecraft:in_square"
		},
		{
			"type": "heightmap",
			"heightmap": "WORLD_SURFACE_WG"
		},
		{
			"type": "minecraft:block_predicate_filter",
			"predicate": {
				"type": "minecraft:matching_blocks",
				"offset": [
					0,
					-1,
					0
				],
				"blocks": [
					"minecraft:grass_block",
					"minecraft:dirt"
				]
			}
		},
		{
			"type": "minecraft:biome"
		}
	]
}
