{
  "type": "minecraft:tree",
  "config": {
    "ignore_vines": true,
    "force_dirt": false,
    "minimum_size": {
      "type": "minecraft:two_layers_feature_size",
      "limit": 1,
      "lower_size": 0,
      "upper_size": 2
    },
    "dirt_provider": {
      "type": "minecraft:simple_state_provider",
      "state": {
        "Name": "minecraft:dirt"
      }
    },
    "trunk_provider": {
      "type": "minecraft:simple_state_provider",
      "state": {
        "Name": "minecraft:air",
        "Properties": {
          "axis": "y"
        }
      }
    },
    "foliage_provider": {
      "type": "minecraft:weighted_state_provider",
      "entries": [
        {
          "weight": 24,
          "data": {
            "Name": "minecraft:oak_leaves",
            "Properties": {
              "distance": "7",
              "persistent": "true",
              "waterlogged": "false"
            }
          }
        },
        {
          "weight": 1,
          "data": {
            "Name": "minecraft:air"
          }
        }
      ]
    },
    "trunk_placer": {
      "type": "minecraft:straight_trunk_placer",
      "base_height": 0,
      "height_rand_a": 0,
      "height_rand_b": 0
    },
    "foliage_placer": {
      "type": "minecraft:acacia_foliage_placer",
      "radius": {
        "type": "minecraft:uniform",
        "value": {
          "min_inclusive": 2,
          "max_inclusive": 3
        }
      },
      "offset": 0
    },
    "decorators": []
  }
}
