{
  "config": {
    "features": [
      {
        "feature": {
          "config": {
            "tries": 96,
            "xz_spread": 7,
            "y_spread": 3,
            "feature": {
              "feature": {
                "config": {
                  "to_place": {
                    "state": {
                      "Properties": {
                        "half": "lower"
                      },
                      "Name": "minecraft:lilac"
                    },
                    "type": "minecraft:simple_state_provider"
                  }
                },
                "type": "minecraft:simple_block"
              },
              "placement": [
                {
                  "predicate": {
                    "blocks": "minecraft:air",
                    "type": "minecraft:matching_blocks"
                  },
                  "type": "minecraft:block_predicate_filter"
                }
              ]
            }
          },
          "type": "minecraft:random_patch"
        },
        "placement": []
      },
      {
        "feature": {
          "config": {
            "tries": 96,
            "xz_spread": 7,
            "y_spread": 3,
            "feature": {
              "feature": {
                "config": {
                  "to_place": {
                    "state": {
                      "Properties": {
                        "half": "lower"
                      },
                      "Name": "minecraft:peony"
                    },
                    "type": "minecraft:simple_state_provider"
                  }
                },
                "type": "minecraft:simple_block"
              },
              "placement": [
                {
                  "predicate": {
                    "blocks": "minecraft:air",
                    "type": "minecraft:matching_blocks"
                  },
                  "type": "minecraft:block_predicate_filter"
                }
              ]
            }
          },
          "type": "minecraft:random_patch"
        },
        "placement": []
      },
      {
        "feature": {
          "config": {
            "tries": 96,
            "xz_spread": 7,
            "y_spread": 3,
            "feature": {
              "feature": {
                "config": {
                  "to_place": {
                    "state": {
                      "Name": "minecraft:dandelion"
                    },
                    "type": "minecraft:simple_state_provider"
                  }
                },
                "type": "minecraft:simple_block"
              },
              "placement": [
                {
                  "predicate": {
                    "blocks": "minecraft:air",
                    "type": "minecraft:matching_blocks"
                  },
                  "type": "minecraft:block_predicate_filter"
                }
              ]
            }
          },
          "type": "minecraft:no_bonemeal_flower"
        },
        "placement": []
      }
    ]
  },
  "type": "minecraft:simple_random_selector"
}