{
  "type": "minecraft:vegetation_patch",
  "config": {
    "surface": "floor",
    "depth": {
      "type": "minecraft:uniform",
      "value": {
        "min_inclusive": 1,
        "max_inclusive": 1
      }
    },
    "vertical_range": 2,
    "extra_bottom_block_chance": 0.1,
    "extra_edge_column_chance": 0.5,
    "vegetation_chance": 0,
    "xz_radius": {
      "type": "minecraft:uniform",
      "value": {
        "min_inclusive": 0,
        "max_inclusive": 4
      }
    },
    "replaceable": "#jermsy:desert_dirt",
    "ground_state": {
      "type": "minecraft:dual_noise_provider",
      "seed": 99,
      "noise": {
        "firstOctave": -3,
        "amplitudes": [
          0.001,
          0.002,
          0.003,
          0.01
        ]
      },
      "scale": 1,
      "variety": {
        "min_inclusive": 1,
        "max_inclusive": 25
      },
      "slow_noise": {
        "firstOctave": -7,
        "amplitudes": [
          1,
          1,
          1
        ]
      },
      "slow_scale": 1,
      "states": [
        {
          "Name": "minecraft:packed_mud"
        },
        {
          "Name": "minecraft:dirt"
        },
        {
          "Name": "minecraft:coarse_dirt"
        }
      ]
    },
    "vegetation_feature":{"placement":[],"feature": {
      "type": "minecraft:random_selector",
      "config": {
        "features": [],
        "default": {
          "feature": "minecraft:moss_vegetation",
          "placement": []
        }
      }
    }
  }}
}
