{
  "config": {
    "state_provider": {
      "fallback": {
        "state": {
          "Name": "minecraft:mud"
        },
        "type": "minecraft:simple_state_provider"
      },
      "rules": [
        {
          "if_true": {
            "offset": [
              0,
              -1,
              0
            ],
            "blocks": "minecraft:air",
            "type": "minecraft:matching_blocks"
          },
          "then": {
            "state": {
              "Name": "minecraft:sandstone"
            },
            "type": "minecraft:simple_state_provider"
          }
        }
      ]
    },
    "target": {
      "blocks": [
        "minecraft:dirt",
        "minecraft:grass_block"
      ],
      "type": "minecraft:matching_blocks"
    },
    "radius": {
      "type": "minecraft:uniform",
      "value": {
        "min_inclusive": 2,
        "max_inclusive": 6
      }
    },
    "half_height": 2
  },
  "type": "minecraft:disk"
}