{
  "type": "minecraft:random_patch",
  "config": {
    "tries": 100,
    "xz_spread": 6,
    "y_spread": 2,
    "feature": {
      "feature": {
        "type": "minecraft:replace_single_block",
        "config": {
          "targets": [
            {
              "target": {
                "predicate_type": "minecraft:tag_match",
                "tag": "scorched:sand_terrain"
              },
              "state": {
                "Name": "minecraft:dirt"
              }
            }
          ]
        }
      },
      "placement": []
    }
  }
}
